{"cameraMode":{"drawMode":0,"name":"Shaded","section":"Shading Mode"},"sceneLighting":true,"audioPlay":false,"sceneViewState":{"m_AlwaysRefresh":false,"showFog":true,"showSkybox":true,"showFlares":true,"showImageEffects":true,"showParticleSystems":true,"showVisualEffectGraphs":true,"m_FxEnabled":true},"in2DMode":false,"pivot":{"x":0.26999998092651369,"y":1.559999942779541,"z":3.180000066757202},"rotation":{"x":0.41144612431526186,"y":-0.08456622064113617,"z":0.03837520629167557,"w":0.9066909551620483},"size":1.2798584699630738,"orthographic":true}