{"cameraMode":{"drawMode":0,"name":"Shaded","section":"Shading Mode"},"sceneLighting":true,"audioPlay":false,"sceneViewState":{"m_AlwaysRefresh":false,"showFog":true,"showSkybox":true,"showFlares":true,"showImageEffects":true,"showParticleSystems":true,"showVisualEffectGraphs":true,"m_FxEnabled":true},"in2DMode":false,"pivot":{"x":0.2700001895427704,"y":0.9961934089660645,"z":3.180000066757202},"rotation":{"x":0.41144612431526186,"y":-0.08456622064113617,"z":0.03837520629167557,"w":0.9066909551620483},"size":5.912251949310303,"orthographic":true}